Polling_Station_Number,Polling_station_name,Polling_station_address,CNTR_X,CNTR_Y
1,"St Mary's Church Hall","Hatton Road, Bedfont, Feltham, TW14 8JR",508422.0010604,173719.002704
2,"St Mary's Church Hall","Hatton Road, Bedfont, Feltham, TW14 8JR",508422.0010604,173719.002704
3,"Southville Community & Children's Centre","Southville Road, Feltham, TW14 8AP",509526.9959041,173547.0019388
4,"Bedfont Library","Staines Road, Bedfont, TW14 8DB",508871.0023528,173715.0038487
5,"Caravan entrance to The Urban Farm","Faggs Road, Bedfont, Middlesex, TW14 0LZ",510167.9999344,174826.9955444
6,"Feltham Assembly Hall","Hounslow Road, Feltham, TW14 9DN",510806.0027624,173708.9955686
7,"Caravan in the Sparrow Farm Resident's Association Hall car park","Sparrow Farm Drive, Feltham, TW14 0DG",511477.0023249,173829.0012173
8,"Caravan opposite the entrance to Rivers Academy","Tachbrook Road, Feltham, TW14 9NX",509891.3915739,173804.7441638
9,"Caravan opposite the entrance to Rivers Academy","Tachbrook Road, Feltham, TW14 9NX",509891.3915739,173804.7441638
10,"Caravan Adjacent to Clifton Parade","Fernside Avenue, Feltham",511140.0019425,171948.9993622
11,"Feltham Sea Cadets","2 Poplar Way, Feltham, TW13 7AB",510350.107931,172496.0183161
12,"Woodlawn Hall","Woodlawn Drive, Hanworth, TW13 5HX",511934.0013266,172702.0038169
13,"The River Room, Cardinal Road School","Hanworth Road, Feltham, TW13 5AB",510718.0032252,173228.0032512
14,"The Meeting Hall","Proctors Close, Feltham, TW14 9NB",510283.999699,173384.9983118
15,"Feltham Evangelical Church Hall","Manor Lane, Feltham, TW13 4JQ",510343.9990086,172724.9972351
16,"School Dining Hall, Oak Hill Academy West London, Access & car parking via car park, Rear of ""Once Upon a Time Day Nursery""","Ashford Road, Feltham, TW13 4QP",509693.9996167,172159.9989642
17,"School Dining Hall, Oak Hill Academy West London, Access & car parking via car park, Rear of ""Once Upon a Time Day Nursery""","Ashford Road, Feltham, TW13 4QP",509693.9996167,172159.9989642
18,"Creche Room, Belvedere Resource Centre, Belvedere House","Lemon Grove, Feltham, TW13 4DH",510354.0002677,173052.0036305
19,"St Richards C of E Primary School","Forge Lane, Hanworth, TW13 6UN",512113.9992555,171050.9964129
20,"St Richards C of E Primary School","Forge Lane, Hanworth, TW13 6UN",512113.9992555,171050.9964129
21,"Oriel Academy West London","Hounslow Road, Hanworth, TW13 6QQ",512004.9995477,172052.9995925
22,"Crane Park Children's Centre","Norman Avenue, Hanworth, TW13 5LN",512588.9972255,172603.0021559
23,"Crane Park Children's Centre","Norman Avenue, Hanworth, TW13 5LN",512588.9972255,172603.0021559
24,"Memorial Hall","39 High Street, Cranford, TW5 9RQ",510397.9959138,177067.0043485
25,"Cranford Primary School (Key Stage 1 Hall)","Berkeley Avenue, Cranford, TW4 6LB",510505.0003168,176230.0039374
26,"Cranford Primary School (Key Stage 1 Hall)","Berkeley Avenue, Cranford, TW4 6LB",510505.0003168,176230.0039374
27,"Church of the Good Shepherd","360 Beavers Lane, Hounslow, TW4 6HJ",510990.9971983,176019.0043354
28,"Church of the Good Shepherd","360 Beavers Lane, Hounslow, TW4 6HJ",510990.9971983,176019.0043354
29,"Caravan, Kings Arbour","Near 149 Ringway, Southall",512064.1083907,178157.2922569
30,"Heston Children's Centre","Berkeley Infant School, Cranford Lane, Heston, TW5 9HQ",511895.9998399,177485.0046972
31,"Heston Children's Centre","Berkeley Infant School, Cranford Lane, Heston, TW5 9HQ",511895.9998399,177485.0046972
32,"Caravan, The Green","Near 63 Burns Way, Heston",511637.7233009,176874.4094783
33,"The Globe, Cranford Community College","158 High Street, Cranford, TW5 9PD",510831.0017876,177758.9962679
34,"Community Hall","Convent Way, Southall, UB2 5UG",511699.9982474,178537.0035657
35,"Community Centre","106 Brabazon Road, Heston, TW5 9LR",511485.9976866,177057.9969269
36,"Hounslow Heath Infants & Nursery School","Martindale Road, Hounslow, TW4 7HE",512198.9975903,175494.004615
37,"Hounslow Heath Infants & Nursery School","Martindale Road, Hounslow, TW4 7HE",512198.9975903,175494.004615
38,"St Michael's Parish Hall","94 Bath Road, Hounslow, TW3 3EH",513106.0037818,175660.996814
39,"St Michael's Parish Hall","94 Bath Road, Hounslow, TW3 3EH",513106.0037818,175660.996814
40,"Caravan, Entrance to Beaversfield Park","Rosemary Avenue, Hounslow",512067.5630713,176010.8966562
41,"Norwood Green Junior School","Thorncliffe Road, Southall, UB2 5RN",512443.0019286,178327.0036775
42,"Norwood Green Junior School","Thorncliffe Road, Southall, UB2 5RN",512443.0019286,178327.0036775
43,"Community Room, Biscoe Close","Heston Farm Estate, Heston, TW5 0UY",513349.0022226,177811.0013816
44,"Heston Methodist Church Hall","Heston Road, Hounslow, TW5 0QP",513269.0003947,177287.0013751
45,"Lampton Children's Centre","Neville Close (off Lampton Road), Hounslow, TW3 4DN",513634.998657,176451.0006778
46,"Springwell Infant & Nursery School","Speart Lane, Heston, TW5 9EF",512229.9990201,177125.9974619
47,"Heston Village Hall","New Heston Road, Hounslow, TW5 0LW",512879.998412,177542.9980968
48,"Caravan, Sutton Square","Opposite 33 Sutton Square, Hounslow",512893.0008733,176770.9990792
49,"Sutton Lane Community Centre","Between 14 – 16 Moulton Avenue, Hounslow, TW3 4LR",512454.0008401,176457.9986746
50,"Hounslow West Evangelical Church Hall","22 Vicarage Farm Road, Hounslow, TW3 4NW",512188.9963312,176340.0024507
51,"Wellington Day Centre","292 Staines Road, Hounslow, TW4 5BA",512693.0004262,175221.002761
52,"Wellington Day Centre","292 Staines Road, Hounslow, TW4 5BA",512693.0004262,175221.002761
53,"Grove Road Primary School","Cromwell Road, Hounslow, TW3 3QQ",513114.8011194,175161.463684
54,"Grove Road Primary School","Cromwell Road, Hounslow, TW3 3QQ",513114.8011194,175161.463684
55,"St Stephen's Church Hall","Parkside Road, Hounslow, TW3 2BP",513620.0008909,174943.0023378
56,"St Francis Community Hall","865 Great West Road, Isleworth, TW7 5PD",515953.9962973,177273.9950981
57,"St Francis Community Hall","865 Great West Road, Isleworth, TW7 5PD",515953.9962973,177273.9950981
58,"St Vincent de Paul Church Hall","2 Witham Road, Isleworth, TW7 4AJ",514829.9965877,176582.0031787
59,"Osterley Library","St Mary's Crescent, Isleworth, TW7 4NB",514954.9999591,177227.9982645
60,"Isleworth & Syon School for Boys","Ridgeway Road, Isleworth, TW7 5LJ",515238.0034363,177062.9954961
61,"Isleworth & Syon School for Boys","Ridgeway Road, Isleworth, TW7 5LJ",515238.0034363,177062.9954961
62,"Alexandra Junior School","Denbigh Road, Hounslow, TW3 4DU",513950.0012164,176293.99562
63,"Alexandra Junior School","Denbigh Road, Hounslow, TW3 4DU",513950.0012164,176293.99562
64,"Maswell Park Church","Heath Road, Hounslow, TW3 2NN",513974.0025892,175155.0016536
65,"Maswell Park Church","Heath Road, Hounslow, TW3 2NN",513974.0025892,175155.0016536
66,"Hounslow Town Primary School","Pears Road, Hounslow, TW3 1SR",514449.9982117,175823.000441
67,"Spring Grove Primary School","Star Road, Isleworth, TW7 4HB",514797.9975056,176253.9970695
68,"Hounslow Youth Centre","Kingsley Road, Hounslow, TW3 1QA",514172.9971389,176057.0034583
69,"St Mary the Virgin Church","Paget Lane, Isleworth, TW7 6ED",515036.9970917,175524.9957439
70,"Caravan at Hounslow Avenue","Side of 94 Whitton Road, Hounslow",513853.9215194,174791.9855659
71,"Caravan at Hounslow Avenue","Side of 94 Whitton Road, Hounslow",513853.9215194,174791.9855659
72,"Chatsworth Primary","Heath Road, Hounslow, TW3 2NW",514364.0022244,175243.9961792
73,"Caravan Central Avenue","Outside 146 Central Avenue, Hounslow",514712.9991707,174883.9992273
74,"St Paul's C of E School","St Paul's Road, Brentford, TW8 0PN",517778.0016943,177565.0017983
75,"Rose Community Centre","Hawthorn Road, Brentford, TW8 8NT",516816.9985976,177080.0006284
76,"The Green School for Girls","Busch Corner, Isleworth, TW7 5BB",516451.0003354,176850.9961802
77,"Community Centre, St John's Centre","80 St John's Road, Isleworth, TW7 6RU",515738.998084,176136.0008455
78,"Community Centre, St John's Centre","80 St John's Road, Isleworth, TW7 6RU",515738.998084,176136.0008455
79,"Residents' Clubroom","Augustus Close, Brentford Dock, TW8 8QE",517607.9967794,177218.0011262
80,"R.O.W.E. Community Centre","Unwin Road, Isleworth, TW7 6HX",515452.0039972,175884.0029792
81,"St Bridget's Church Hall","112 Twickenham Road, Isleworth, TW7 6DL",516225.0032106,175797.9975979
82,"St Bridget's Church Hall","112 Twickenham Road, Isleworth, TW7 6DL",516225.0032106,175797.9975979
83,"Bridgelink Centre","Summerwood Road, Isleworth, TW7 7QU",516021.0039088,174601.9999487
84,"Bridgelink Centre","Summerwood Road, Isleworth, TW7 7QU",516021.0039088,174601.9999487
85,"Caravan, Worple Avenue","Outside 28 Worple Avenue, Isleworth",516137.0036735,174846.9998182
86,"St Faith's Church","122 Windmill Road, Brentford, TW8 9NA",517357.9982818,178239.9985824
87,"Brentford Methodist Church Hall","Clifden Road, Brentford, TW8 0PB",517638.9982092,177836.0042246
88,"The Brentford Children's Centre","North Road, Brentford, TW8 0BJ",518382.9995427,177945.003024
89,"The Brentford Children's Centre","North Road, Brentford, TW8 0BJ",518382.9995427,177945.003024
90,"Clayponds Community Centre","Clayponds Gardens, Ealing, W5 4RQ",517797.9959675,178731.9977491
91,"Gunnersbury Catholic School for Boys","The Ride, Brentford, TW8 9LB",517115.9974934,178454.9970398
92,"Gunnersbury Baptist Church Hall","34 Burlington Road, Chiswick, W4 4BE",520019.9987089,178220.0043057
93,"Gunnersbury Baptist Church Hall","34 Burlington Road, Chiswick, W4 4BE",520019.9987089,178220.0043057
94,"Belmont Primary School","Belmont Road, Chiswick, W4 5UL",520689.0029666,178591.9978237
95,"Hogarth Hall, Chiswick Town Hall","Heathfield Terrace, Chiswick, W4 4JE",520515.9968496,178340.9996712
96,"Gunnersbury Triangle Sports & Social Club","Triangle Way, rear of Princes Avenue, Acton, W3 8LN",519369.0016646,179399.9965365
97,"Chiswick Christian Centre","Fraser Street, Chiswick, W4 2DA",521177.0812339,178125.0744107
98,"St Michael's Parish Hall","Elmwood Road, Chiswick, W4 3DY",520120.003055,177897.9964795
99,"Strand on the Green Infant & Nursery Sch","Thames Road, Chiswick, W4 3NX",519453.0023471,177847.0010768
100,"St Joseph's Catholic Church","1 Bolton Road, Chiswick, W4 3TE",520219.999156,177125.9974619
101,"Grove Park Primary School","Nightingale Close, Chiswick, W4 3JN",520121.9983598,177607.9994903
102,"Caravan, Outside St Michael’s & All Angels"," Priory Avenue, London",521232.870725,178923.7662931
103,"Caravan, Outside St Michael’s & All Angels"," Priory Avenue, London",521232.870725,178923.7662931
104,"Buttercups Lodge (Formely Homefields under 5's)","Chiswick Lane, Chiswick, W4 2AT",521592.9997108,178233.0005856
105,"Duke's Meadow Community Centre","Alexandra Gardens, Chiswick, W4 2RZ",521125.9994501,177187.0000002
106,"Duke's Meadow Community Centre","Alexandra Gardens, Chiswick, W4 2RZ",521125.9994501,177187.0000002
